learning_rate,discount_factor,epsilon_decay,cumulative_rewards_per_step,avg_steps_count,state_size,action_size,reward_method
0.1,0.95,0.995,-5.3434235283863005,1138.0,96.0,4.0,0.0
0.05,0.85,0.99,-5.145322289106436,1109.0,96.0,6.0,0.0
0.05,0.85,0.995,-5.218430829362887,1138.0,384.0,4.0,0.0
0.1,0.95,0.995,-5.343344072450677,1121.3333333333333,384.0,6.0,0.0
0.05,0.95,0.99,-5.053953801014607,1179.0,96.0,4.0,1.0
0.05,0.85,0.99,-4.948871152106562,1178.6666666666667,96.0,6.0,1.0
0.05,0.95,0.995,-5.038968775290922,1180.6666666666667,384.0,4.0,1.0
0.1,0.85,0.995,-4.964772118142862,1219.3333333333333,384.0,6.0,1.0
